P62081,1,TAVHDAILEDLVFPSEIVGK
P62081,15,TAVHDAILEDLVFPSEIVGK
P10809,15,MLQGVDLLADAVAVTMGPKG
P63038,15,MLQGVDLLADAVAVTMGPKG
P63038,15,KNIGAKLVQDVANNTNEEAG
P18621,11,NAELKGLDVDSLVIEHIQVN
P61353,5,PLDKTVVNKDVFRDPALKRK
P36578,17,AVFKAPIRPDIVNFVHTNLR
P60709,13,DDDIAALVVDNGSGMCKAGF
P60709,1,TTGIVMDSGDGVTHTVPIYE
P60709,2,TTGIVMDSGDGVTHTVPIYE
P60709,8,TTGIVMDSGDGVTHTVPIYE
P60709,13,TTGIVMDSGDGVTHTVPIYE
P60709,15,TTGIVMDSGDGVTHTVPIYE
P60709,11,GVMVGMGQKDSYVGDEAQSK
P60709,19,GVMVGMGQKDSYVGDEAQSK
P60710,13,DDDIAALVVDNGSGMCKAGF
P60710,1,SLEKSYELPDGQVITIGNER
P60710,5,SLEKSYELPDGQVITIGNER
P60710,15,SLEKSYELPDGQVITIGNER
P63260,13,EEEIAALVIDNGSGMCKAGF
P63260,1,SLEKSYELPDGQVITIGNER
P63260,5,SLEKSYELPDGQVITIGNER
P63260,15,SLEKSYELPDGQVITIGNER
Q91WR3,8,YEDEYDDTYDGNQVGANDAD
Q8N6H7,2,ESFGSRWDTDAAWGMDRVEE
Q8N6H7,5,ESFGSRWDTDAAWGMDRVEE
Q8N6H7,9,ESFGSRWDTDAAWGMDRVEE
Q8N6H7,3,WDTDAAWGMDRVEEKEPEVT
Q8N6H7,20,WDTDAAWGMDRVEEKEPEVT
Q9JKX6,6,RPPMGSYCLEFPAGFIEDGE
Q8R5A3,16,DQDLDALMADLVADISEAEQ
Q14161,11,VWPGDGLVPDTAEPHVAPSP
Q14161,19,VWPGDGLVPDTAEPHVAPSP
Q9JLQ2,1,TESQDNDQPDYDSVASDEDT
Q9JLQ2,3,TESQDNDQPDYDSVASDEDT
Q9JLQ2,13,TESQDNDQPDYDSVASDEDT
Q9JLQ2,16,TESQDNDQPDYDSVASDEDT
Q9JLQ2,20,TESQDNDQPDYDSVASDEDT
Q99700,7,ENYGVVSTYDSSLSSYTVPL
Q99700,8,ENYGVVSTYDSSLSSYTVPL
Q99700,11,ENYGVVSTYDSSLSSYTVPL
Q99700,12,ENYGVVSTYDSSLSSYTVPL
Q99700,14,ENYGVVSTYDSSLSSYTVPL
Q99700,15,ENYGVVSTYDSSLSSYTVPL
Q99700,17,ENYGVVSTYDSSLSSYTVPL
P54252,5,ALALSRQEIDMEDEEADLRR
P54252,2,LSRQEIDMEDEEADLRRAIQ
P54252,18,EIDMEDEEADLRRAIQLSMQ
P80723,7,APAAQETKSDGAPASDSKPG
P80723,9,APAAQETKSDGAPASDSKPG
P80723,15,APAAQETKSDGAPASDSKPG
P80723,17,APAAQETKSDGAPASDSKPG
P10147,14,RQIPQNFIADYFETSSQCSK
P10147,15,RQIPQNFIADYFETSSQCSK
P10147,16,RQIPQNFIADYFETSSQCSK
P10147,19,RQIPQNFIADYFETSSQCSK
P20810,4,PPMSEDFLLDALSEDFSGPQ
P20810,13,PPMSEDFLLDALSEDFSGPQ
P20810,17,PPMSEDFLLDALSEDFSGPQ
P20810,8,DDAIDALSSDFTCGSPTAAG
P20810,9,DDAIDALSSDFTCGSPTAAG
P20810,12,DDAIDALSSDFTCGSPTAAG
P20810,15,DDAIDALSSDFTCGSPTAAG
P20810,17,DDAIDALSSDFTCGSPTAAG
P20810,2,KSGMDAALDDLIDTLGGPEE
P20810,14,KSGMDAALDDLIDTLGGPEE
P20810,11,PDDAVEALADSLGKKEADPE
O43852,13,FIDLEEYIGDMYSHDGNTDE
O43852,18,FIDLEEYIGDMYSHDGNTDE
Q14444,5,PRDYSGYQRDGYQQNFKRGS
Q14444,20,PRDYSGYQRDGYQQNFKRGS
Q6JBY9,5,KARRSSEEVDGQHPAQEEVP
Q6JBY9,6,KARRSSEEVDGQHPAQEEVP
P29466,2,DSPGVVWFKDSVGVSGNLSL
P29466,11,DSPGVVWFKDSVGVSGNLSL
P29466,15,DSPGVVWFKDSVGVSGNLSL
P29466,19,DSPGVVWFKDSVGVSGNLSL
P29466,1,SFPAPQAVQDNPAMPTSSGS
P29466,16,SFPAPQAVQDNPAMPTSSGS
P29466,17,SFPAPQAVQDNPAMPTSSGS
P29466,18,SFPAPQAVQDNPAMPTSSGS
P29466,20,SFPAPQAVQDNPAMPTSSGS
P70677,1,TELDCGIETDSGTDEEMACQ
P70677,9,TELDCGIETDSGTDEEMACQ
P70677,11,TELDCGIETDSGTDEEMACQ
P70677,13,TELDCGIETDSGTDEEMACQ
P42574,9,CELDCGIETDSGVDDDMACH
P42574,11,CELDCGIETDSGVDDDMACH
P97864,1,TELDDGIQADSGPINDIDAN
P97864,11,TELDDGIQADSGPINDIDAN
P55211,2,ESPGSNPEPDATPFQEGLRT
P55211,5,ESPGSNPEPDATPFQEGLRT
P55211,12,ESPGSNPEPDATPFQEGLRT
P55211,20,ESPGSNPEPDATPFQEGLRT
Q99KY4,3,KESQSVLIADGDGSEVSDEE
Q99KY4,5,KESQSVLIADGDGSEVSDEE
Q99KY4,14,KESQSVLIADGDGSEVSDEE
Q99KY4,17,KESQSVLIADGDGSEVSDEE
P16333,7,KVKRKPSVPDSASPADDSFV
P16333,11,KVKRKPSVPDSASPADDSFV
P16333,13,KVKRKPSVPDSASPADDSFV
P16333,18,KVKRKPSVPDSASPADDSFV
P47713,1,SQDSFDDELDAAVADPDEFE
P47713,4,SQDSFDDELDAAVADPDEFE
Q9H7D0,1,TLSSPSLQTDGIAATPVPPP
Q9H7D0,3,TLSSPSLQTDGIAATPVPPP
Q9H7D0,4,TLSSPSLQTDGIAATPVPPP
Q9H7D0,6,TLSSPSLQTDGIAATPVPPP
Q9H7D0,9,TLSSPSLQTDGIAATPVPPP
Q9H7D0,15,TLSSPSLQTDGIAATPVPPP
Q96JH7,1,TETTDGCVADALGAAFATRS
Q96JH7,3,TETTDGCVADALGAAFATRS
Q96JH7,4,TETTDGCVADALGAAFATRS
Q96JH7,18,TETTDGCVADALGAAFATRS
Q96JH7,20,TETTDGCVADALGAAFATRS
P25206,2,GSSVDILATDDPDFTQDDQQ
P25206,3,GSSVDILATDDPDFTQDDQQ
P25206,9,GSSVDILATDDPDFTQDDQQ
P25206,15,GSSVDILATDDPDFTQDDQQ
P25206,6,VDILATDDPDFTQDDQQDTR
P25206,12,VDILATDDPDFTQDDQQDTR
P25206,19,VDILATDDPDFTQDDQQDTR
P33991,9,KGLQVDLQSDGAAAEDIVAS
P33991,20,KGLQVDLQSDGAAAEDIVAS
P33992,9,FDDPGIFYSDSFGGDAQADE
P33992,11,FDDPGIFYSDSFGGDAQADE
Q7TMY8,3,DESQEDVLMDEAPSNLSQAS
Q7TMY8,14,DESQEDVLMDEAPSNLSQAS
Q7TMY8,17,DESQEDVLMDEAPSNLSQAS
Q7TMY8,20,DESQEDVLMDEAPSNLSQAS
P68104,2,ISAGYAPVLDCHTAHIACKF
P68104,13,ISAGYAPVLDCHTAHIACKF
P68104,3,LKSGDAAIVDMVPGKPMCVE
P14625,12,VRADDEVDVDGTVEEDLGKS
P14625,20,VRADDEVDVDGTVEEDLGKS
P08113,14,GFVRADDEVDVDGTVEEDLG
Q61211,1,SRAPSQDSLDGKPLQEQMDD
Q61211,5,SRAPSQDSLDGKPLQEQMDD
Q61211,8,SRAPSQDSLDGKPLQEQMDD
O75822,4,AGDSDSWDADAFSVEDPVRK
O75822,6,AGDSDSWDADAFSVEDPVRK
O75822,13,AGDSDSWDADAFSVEDPVRK
Q9WUK2,11,FCYVEFDEVDSLKEALTYDG
Q9WUK2,17,FCYVEFDEVDSLKEALTYDG
P42285,1,TFAHICKMTDVFEGSIIRCM
P42285,9,TFAHICKMTDVFEGSIIRCM
P42285,15,TFAHICKMTDVFEGSIIRCM
Q92945,2,ESKKLASQGDSISSQLGPIH
Q92945,7,ESKKLASQGDSISSQLGPIH
Q92945,11,ESKKLASQGDSISSQLGPIH
Q92945,13,ESKKLASQGDSISSQLGPIH
Q92945,14,ESKKLASQGDSISSQLGPIH
Q86UX7,3,EGSAPTDVLDSLTTIPELKD
Q86UX7,6,EGSAPTDVLDSLTTIPELKD
Q86UX7,11,EGSAPTDVLDSLTTIPELKD
Q86UX7,13,EGSAPTDVLDSLTTIPELKD
Q86UX7,14,EGSAPTDVLDSLTTIPELKD
O35601,9,ENQDGVMHSDGTGNLEEEQE
O35601,12,ENQDGVMHSDGTGNLEEEQE
Q8N954,9,MAEEEDYMSDSFINVQEDIR
Q8N954,11,MAEEEDYMSDSFINVQEDIR
P57764,9,MRCLHNFLTDGVPAEGAFTE
P57764,19,MRCLHNFLTDGVPAEGAFTE
P57764,9,MRCLHNFLTDGVPAEGAFTE
P57764,19,MRCLHNFLTDGVPAEGAFTE
P57764,9,MRCLHNFLTDGVPAEGAFTE
P57764,19,MRCLHNFLTDGVPAEGAFTE
P06396,9,KNWRDPDQTDGLGLSYLSSH
P06396,15,KNWRDPDQTDGLGLSYLSSH
P06396,18,KNWRDPDQTDGLGLSYLSSH
P06396,19,KNWRDPDQTDGLGLSYLSSH
P52597,6,GYEEYSGLSDGYGFTTDLFG
P52597,9,GYEEYSGLSDGYGFTTDLFG
P52597,15,GYEEYSGLSDGYGFTTDLFG
P52597,16,GYEEYSGLSDGYGFTTDLFG
P31943,16,YDDYNGGYNDGYGFGSDRFG
P61978,2,ATSQLPLESDAVECLNYQHY
P61978,3,ATSQLPLESDAVECLNYQHY
P61978,9,ATSQLPLESDAVECLNYQHY
Q8WVV9,5,GEHPSSFRHDGYGSHGPLLP
Q8WVV9,6,GEHPSSFRHDGYGSHGPLLP
Q8WVV9,14,GEHPSSFRHDGYGSHGPLLP
P22626,2,VTFSSMAEVDAAMAARPHSI
P22626,4,VTFSSMAEVDAAMAARPHSI
P22626,5,VTFSSMAEVDAAMAARPHSI
P22626,19,VTFSSMAEVDAAMAARPHSI
O43719,8,YQANYGFSNDGASSSTANVE
O43719,13,YQANYGFSNDGASSSTANVE
O43719,14,YQANYGFSNDGASSSTANVE
O43719,15,YQANYGFSNDGASSSTANVE
O43719,16,YQANYGFSNDGASSSTANVE
O43719,1,TQTDAGGEPDSLGQQPTDTP
O43719,3,TQTDAGGEPDSLGQQPTDTP
O43719,11,TQTDAGGEPDSLGQQPTDTP
O43719,17,TQTDAGGEPDSLGQQPTDTP
O43719,19,TQTDAGGEPDSLGQQPTDTP
P01584,18,NEDDLFFEADGPKQMKCSFQ
P01584,1,TWDNEAYVHDAPVRSLNCTR
P01584,15,TWDNEAYVHDAPVRSLNCTR
P01584,19,TWDNEAYVHDAPVRSLNCTR
P01584,5,QMKCSFQDLDLCPLDGGIQL
Q14116,9,AEDDENLESDYFGKLESKLS
Q14116,17,AEDDENLESDYFGKLESKLS
Q14116,20,AEDDENLESDYFGKLESKLS
Q27J81,11,LLGVLQAEADSTSEGLEDAV
Q27J81,12,LLGVLQAEADSTSEGLEDAV
Q27J81,13,LLGVLQAEADSTSEGLEDAV
P41252,3,DETEIQNQTDLLSLSGKTLC
P41252,9,DETEIQNQTDLLSLSGKTLC
P41252,13,DETEIQNQTDLLSLSGKTLC
P41252,15,DETEIQNQTDLLSLSGKTLC
P41252,18,DETEIQNQTDLLSLSGKTLC
Q07666,5,LLPPSATGPDATVGGPAPTP
Q07666,7,LLPPSATGPDATVGGPAPTP
Q07666,12,LLPPSATGPDATVGGPAPTP
Q07666,19,LLPPSATGPDATVGGPAPTP
Q8N1G4,3,EGSLSDTEADAVSGQLPDPT
Q8N1G4,5,EGSLSDTEADAVSGQLPDPT
Q8N1G4,7,EGSLSDTEADAVSGQLPDPT
Q8N1G4,13,EGSLSDTEADAVSGQLPDPT
Q8N1G4,20,EGSLSDTEADAVSGQLPDPT
Q9UGP4,8,KEGPLGWSSDGSLGSVLLDS
Q9UGP4,9,KEGPLGWSSDGSLGSVLLDS
Q9UGP4,12,KEGPLGWSSDGSLGSVLLDS
Q9UGP4,15,KEGPLGWSSDGSLGSVLLDS
Q9UGP4,20,KEGPLGWSSDGSLGSVLLDS
O60488,1,TGDIGEFHPDGCLQIIDRKK
P49006,1,TDEAAGATGDAIEPAPPSQG
P49006,8,TDEAAGATGDAIEPAPPSQG
P49006,18,TDEAAGATGDAIEPAPPSQG
P43243,11,WEEKRHFRRDSFDDRGPSLN
P43243,18,WEEKRHFRRDSFDDRGPSLN
Q7Z434,7,KPGVLASQVDSPFSGCFEDL
Q7Z434,11,KPGVLASQVDSPFSGCFEDL
Q7Z434,14,KPGVLASQVDSPFSGCFEDL
Q8IVL0,5,DDINSGYMTDGGLNLYTRSL
Q8IVL0,9,DDINSGYMTDGGLNLYTRSL
Q8IVL0,17,DDINSGYMTDGGLNLYTRSL
Q8IVL0,19,DDINSGYMTDGGLNLYTRSL
Q15233,6,PPGPATMMPDGTLGLTPPTT
Q15233,12,PPGPATMMPDGTLGLTPPTT
Q15233,16,PPGPATMMPDGTLGLTPPTT
Q15233,19,PPGPATMMPDGTLGLTPPTT
Q15233,20,PPGPATMMPDGTLGLTPPTT
P80303,9,FFKLHDVNSDGFLDEQELEA
P80303,9,QLKEVWEETDGLDPNDFDPK
P12270,2,PTLVVPHRTDGFAEAIHSPQ
P12270,9,PTLVVPHRTDGFAEAIHSPQ
P12270,18,PTLVVPHRTDGFAEAIHSPQ
P55209,15,ILAALQERLDGLVETPTGYI
P55209,17,ILAALQERLDGLVETPTGYI
Q8K2H1,1,TEEPESNTVDGTELYEDSQL
Q8K2H1,6,TEEPESNTVDGTELYEDSQL
Q8K2H1,8,TEEPESNTVDGTELYEDSQL
Q8K2H1,12,TEEPESNTVDGTELYEDSQL
Q8K2H1,18,TEEPESNTVDGTELYEDSQL
Q9UBF8,5,CDNISQFSVDSITSQESKEP
Q9UBF8,8,CDNISQFSVDSITSQESKEP
Q9UBF8,11,CDNISQFSVDSITSQESKEP
Q9UBF8,13,CDNISQFSVDSITSQESKEP
Q9UBF8,14,CDNISQFSVDSITSQESKEP
Q9UBF8,17,CDNISQFSVDSITSQESKEP
Q8NC51,1,SKSEEAHAEDSVMDHHFRKP
Q8NC51,3,SKSEEAHAEDSVMDHHFRKP
Q8NC51,11,SKSEEAHAEDSVMDHHFRKP
Q15366,12,PEVKGYWGLDASAQTTSHEL
Q15366,15,PEVKGYWGLDASAQTTSHEL
Q15366,16,PEVKGYWGLDASAQTTSHEL
Q15366,17,PEVKGYWGLDASAQTTSHEL
P49768,2,FSEEWEAQRDSHLGPHRSTP
P49768,11,FSEEWEAQRDSHLGPHRSTP
P49768,18,FSEEWEAQRDSHLGPHRSTP
P49768,19,FSEEWEAQRDSHLGPHRSTP
P49810,8,DPEMEEDSYDSFGEPSYPEV
P49810,11,DPEMEEDSYDSFGEPSYPEV
P49810,16,DPEMEEDSYDSFGEPSYPEV
Q2M2H8,14,RNRLAEIPYDVQYSDIDYMD
P30101,3,DASIVGFFDDSFSEAHSEFL
P30101,11,DASIVGFFDDSFSEAHSEFL
P30101,13,DASIVGFFDDSFSEAHSEFL
P30101,17,DASIVGFFDDSFSEAHSEFL
Q86V87,9,DLEEDPYFTDSFLDSGFQTP
Q86V87,11,DLEEDPYFTDSFLDSGFQTP
Q86V87,15,DLEEDPYFTDSFLDSGFQTP
Q86V87,19,DLEEDPYFTDSFLDSGFQTP
P61244,2,MSDNDDIEVESDEEQPRFQS
P61244,11,MSDNDDIEVESDEEQPRFQS
P61244,20,MSDNDDIEVESDEEQPRFQS
Q92597,2,ISGWTQALPDMVVSHLFGKE
Q92597,5,ISGWTQALPDMVVSHLFGKE
Q92597,14,ISGWTQALPDMVVSHLFGKE
Q99590,11,NNEMIPMECDSFCSDQNESE
Q99590,14,NNEMIPMECDSFCSDQNESE
Q99590,19,NNEMIPMECDSFCSDQNESE
Q5RJH6,1,TSVVESLATDGSPGLKSVLS
Q5RJH6,2,TSVVESLATDGSPGLKSVLS
Q5RJH6,6,TSVVESLATDGSPGLKSVLS
Q5RJH6,9,TSVVESLATDGSPGLKSVLS
Q5RJH6,12,TSVVESLATDGSPGLKSVLS
Q5RJH6,17,TSVVESLATDGSPGLKSVLS
Q5RJH6,20,TSVVESLATDGSPGLKSVLS
O15553,6,DPVDGTCVRDSCSFPEAVSG
O15553,11,DPVDGTCVRDSCSFPEAVSG
O15553,13,DPVDGTCVRDSCSFPEAVSG
O15553,19,DPVDGTCVRDSCSFPEAVSG
Q15293,13,FVDQDEYIADMFSHEENGPE
Q92541,1,SSSEDEEFHDGYGEDLMGDE
Q92541,2,SSSEDEEFHDGYGEDLMGDE
Q92541,3,SSSEDEEFHDGYGEDLMGDE
P49756,7,AYPLDWSIVDSILMERRIRP
P49756,11,AYPLDWSIVDSILMERRIRP
Q5T8P6,3,LFTADTYDTDGYNPEAPSIT
Q5T8P6,6,LFTADTYDTDGYNPEAPSIT
Q5T8P6,9,LFTADTYDTDGYNPEAPSIT
Q5T8P6,18,LFTADTYDTDGYNPEAPSIT
Q5T8P6,20,LFTADTYDTDGYNPEAPSIT
Q9P2N5,6,PLVPDTYEPDGYNPEAPSIT
Q9P2N5,18,PLVPDTYEPDGYNPEAPSIT
Q9P2N5,20,PLVPDTYEPDGYNPEAPSIT
Q13501,9,GRPEEQMESDNCSGGDDDWT
Q13501,13,GRPEEQMESDNCSGGDDDWT
Q13501,20,GRPEEQMESDNCSGGDDDWT
Q96IZ7,9,VKEIEAIESDSFVQQTFRSS
Q96IZ7,11,VKEIEAIESDSFVQQTFRSS
Q96IZ7,16,VKEIEAIESDSFVQQTFRSS
Q96IZ7,19,VKEIEAIESDSFVQQTFRSS
Q96IZ7,20,VKEIEAIESDSFVQQTFRSS
O15084,3,AVTGHEECVDALLQHGAKCL
Q13813,9,YGMMPRDETDSKTASPWKSA
Q13813,11,YGMMPRDETDSKTASPWKSA
Q13813,13,YGMMPRDETDSKTASPWKSA
Q13813,15,YGMMPRDETDSKTASPWKSA
Q13813,19,YGMMPRDETDSKTASPWKSA
P26368,1,TALLPTMTPDGLAVTPTPVP
P26368,6,TALLPTMTPDGLAVTPTPVP
P26368,8,TALLPTMTPDGLAVTPTPVP
P26368,15,TALLPTMTPDGLAVTPTPVP
P26368,17,TALLPTMTPDGLAVTPTPVP
P26368,1,TALLPTMTPDGLAVTPTPVP
P26368,6,TALLPTMTPDGLAVTPTPVP
P26368,8,TALLPTMTPDGLAVTPTPVP
P26368,15,TALLPTMTPDGLAVTPTPVP
P26368,17,TALLPTMTPDGLAVTPTPVP
O54988,9,GAEARALGSEGEAAATEVDL
O54988,16,GAEARALGSEGEAAATEVDL
P36956,3,GGSGSDSEPDSPVFEDSKAK
P36956,5,GGSGSDSEPDSPVFEDSKAK
P36956,7,GGSGSDSEPDSPVFEDSKAK
P36956,11,GGSGSDSEPDSPVFEDSKAK
P36956,17,GGSGSDSEPDSPVFEDSKAK
Q12772,11,DDAKVKDEPDSPPVALGMVD
P00441,7,DGVADVSIEDSVISLSGDHC
P00441,11,DGVADVSIEDSVISLSGDHC
P00441,14,DGVADVSIEDSVISLSGDHC
P00441,16,DGVADVSIEDSVISLSGDHC
Q9Y5Y6,11,FCKPLFWVCDSVNDCGDNSD
Q9Y5Y6,19,FCKPLFWVCDSVNDCGDNSD
Q96A49,1,SPGVSEFVSDAFDACNLNQE
Q96A49,5,SPGVSEFVSDAFDACNLNQE
Q96A49,9,SPGVSEFVSDAFDACNLNQE
O88746,6,EAELATDLIDMGPDPAATNN
O88746,18,EAELATDLIDMGPDPAATNN
Q86V81,14,KQLPDKWQHDLFDSGFGGGA
Q13263,6,KEEDGSLSLDGADSTGVVAK
Q13263,8,KEEDGSLSLDGADSTGVVAK
Q13263,14,KEEDGSLSLDGADSTGVVAK
Q13263,15,KEEDGSLSLDGADSTGVVAK
Q62318,6,KEEDGSLSLDGADSTGVVAK
Q62318,8,KEEDGSLSLDGADSTGVVAK
Q62318,14,KEEDGSLSLDGADSTGVVAK
Q62318,15,KEEDGSLSLDGADSTGVVAK
Q62318,3,LATDSTFSMEQPGGTLDLTL
Q62318,5,LATDSTFSMEQPGGTLDLTL
Q62318,6,LATDSTFSMEQPGGTLDLTL
Q62318,8,LATDSTFSMEQPGGTLDLTL
Q62318,15,LATDSTFSMEQPGGTLDLTL
Q62318,19,LATDSTFSMEQPGGTLDLTL
P07437,3,HYTEGAELVDSVLDVVRKEA
P07437,11,HYTEGAELVDSVLDVVRKEA
O43399,2,NSPNKGLLSDSMTDVPVDTG
O43399,9,NSPNKGLLSDSMTDVPVDTG
O43399,11,NSPNKGLLSDSMTDVPVDTG
O43399,13,NSPNKGLLSDSMTDVPVDTG
O43399,19,NSPNKGLLSDSMTDVPVDTG
Q61152,9,GPDAYEEVTDGAQTGGLGFN
Q61152,14,GPDAYEEVTDGAQTGGLGFN
O15042,4,PIKSLDDDLDGVPLDATEDS
O15042,17,PIKSLDDDLDGVPLDATEDS
O15042,20,PIKSLDDDLDGVPLDATEDS
Q14694,13,NVEAEVLENDGVSGGLGQRE
Q6ZSR9,3,PATDGLSEPDVFAIAPFRSS
Q6ZSR9,7,PATDGLSEPDVFAIAPFRSS
Q6ZSR9,19,PATDGLSEPDVFAIAPFRSS
Q6ZSR9,20,PATDGLSEPDVFAIAPFRSS
Q62481,3,DQSDTEDEVDSDFDIDEGDE
Q62481,5,DQSDTEDEVDSDFDIDEGDE
Q62481,11,DQSDTEDEVDSDFDIDEGDE
P08670,12,QEQHVQIDVDVSKPDLTAAL
P08670,17,QEQHVQIDVDVSKPDLTAAL
P08670,3,QDSVDFSLADAINTEFKNTR
P08670,7,QDSVDFSLADAINTEFKNTR
P08670,14,QDSVDFSLADAINTEFKNTR
P08670,19,QDSVDFSLADAINTEFKNTR
P08670,1,SLNLRETNLDSLPLVDTHSK
P08670,7,SLNLRETNLDSLPLVDTHSK
P08670,11,SLNLRETNLDSLPLVDTHSK
P08670,17,SLNLRETNLDSLPLVDTHSK
P08670,19,SLNLRETNLDSLPLVDTHSK
P16989,7,AEAANVTGPDGVPVEGSRYA
P16989,17,AEAANVTGPDGVPVEGSRYA
Q9BYJ9,1,SNGDHHFMHDAVFGQPGGLG
Q9Y5A9,2,GSGFGHNGVDGNGVGQSQAG
Q9Y5A9,17,GSGFGHNGVDGNGVGQSQAG
Q9UPT8,11,LFPEHPLEPDSFSEGGPPGR
Q9UPT8,13,LFPEHPLEPDSFSEGGPPGR
Q96NC0,11,CNVCDCVVKDSINFLDHING
Q5JPB2,2,ASGPSPGEADSILEDPSCSR
Q5JPB2,5,ASGPSPGEADSILEDPSCSR
Q5JPB2,11,ASGPSPGEADSILEDPSCSR
Q5JPB2,17,ASGPSPGEADSILEDPSCSR
Q5JPB2,19,ASGPSPGEADSILEDPSCSR
Q15942,3,KVSSIDLEIDSLSSLLDDMT
Q15942,4,KVSSIDLEIDSLSSLLDDMT
Q15942,11,KVSSIDLEIDSLSSLLDDMT
Q15942,13,KVSSIDLEIDSLSSLLDDMT
Q15942,14,KVSSIDLEIDSLSSLLDDMT
Q15942,20,KVSSIDLEIDSLSSLLDDMT
