P60709,11,GVMVGMGQKDSYVGDEAQSK
P60709,19,GVMVGMGQKDSYVGDEAQSK
Q99700,7,ENYGVVSTYDSSLSSYTVPL
Q99700,8,ENYGVVSTYDSSLSSYTVPL
Q99700,11,ENYGVVSTYDSSLSSYTVPL
Q99700,12,ENYGVVSTYDSSLSSYTVPL
Q99700,14,ENYGVVSTYDSSLSSYTVPL
Q99700,15,ENYGVVSTYDSSLSSYTVPL
Q99700,17,ENYGVVSTYDSSLSSYTVPL
P42574,9,CELDCGIETDSGVDDDMACH
P42574,11,CELDCGIETDSGVDDDMACH
P55211,2,ESPGSNPEPDATPFQEGLRT
P55211,5,ESPGSNPEPDATPFQEGLRT
P55211,12,ESPGSNPEPDATPFQEGLRT
P55211,20,ESPGSNPEPDATPFQEGLRT
P57764,9,MRCLHNFLTDGVPAEGAFTE
P57764,19,MRCLHNFLTDGVPAEGAFTE
Q14116,9,AEDDENLESDYFGKLESKLS
Q14116,17,AEDDENLESDYFGKLESKLS
Q14116,20,AEDDENLESDYFGKLESKLS
Q13813,9,YGMMPRDETDSKTASPWKSA
Q13813,11,YGMMPRDETDSKTASPWKSA
Q13813,13,YGMMPRDETDSKTASPWKSA
Q13813,15,YGMMPRDETDSKTASPWKSA
Q13813,19,YGMMPRDETDSKTASPWKSA
P26368,1,TALLPTMTPDGLAVTPTPVP
P26368,6,TALLPTMTPDGLAVTPTPVP
P26368,8,TALLPTMTPDGLAVTPTPVP
P26368,15,TALLPTMTPDGLAVTPTPVP
P26368,17,TALLPTMTPDGLAVTPTPVP
P30153,2,RSELLPFLTDTIYDEDEVLL
P30153,9,RSELLPFLTDTIYDEDEVLL
P30153,11,RSELLPFLTDTIYDEDEVLL
P63151,4,HINSISINSDYETYLSADDL
P63151,6,HINSISINSDYETYLSADDL
P63151,9,HINSISINSDYETYLSADDL
P63151,13,HINSISINSDYETYLSADDL
P63151,16,HINSISINSDYETYLSADDL
P00505,1,STHNWQHITDQIGMFCFTTG
P00505,2,STHNWQHITDQIGMFCFTTG
P00505,9,STHNWQHITDQIGMFCFTTG
P00505,18,STHNWQHITDQIGMFCFTTG
P00505,19,STHNWQHITDQIGMFCFTTG
O94911,5,FIGQSGVITDLYLFSCIISF
O94911,9,FIGQSGVITDLYLFSCIISF
O94911,15,FIGQSGVITDLYLFSCIISF
O94911,19,FIGQSGVITDLYLFSCIISF
Q8N2K0,9,KVQFVPFHSDLLGYRHKYKS
Q8N2K0,20,KVQFVPFHSDLLGYRHKYKS
Q12979,9,KLRHVFLFTDVLLCAKLKKT
Q12979,20,KLRHVFLFTDVLLCAKLKKT
P13798,3,ALSEVEVESDSDSFMNAVAV
P13798,9,ALSEVEVESDSDSFMNAVAV
P13798,11,ALSEVEVESDSDSFMNAVAV
P13798,13,ALSEVEVESDSDSFMNAVAV
O95573,2,WTPETGLVTDAFKLKRKELK
O95573,5,WTPETGLVTDAFKLKRKELK
O95573,9,WTPETGLVTDAFKLKRKELK
O60488,1,TTPETGLVTDAFKLKRKELR
O60488,2,TTPETGLVTDAFKLKRKELR
O60488,5,TTPETGLVTDAFKLKRKELR
O60488,9,TTPETGLVTDAFKLKRKELR
Q16186,9,KGLVYIQQTDDSLIHFCWKD
Q16186,12,KGLVYIQQTDDSLIHFCWKD
Q9UHB7,6,LIFNASIMTDLVRYTRQGLH
Q9UHB7,9,LIFNASIMTDLVRYTRQGLH
Q9UHB7,15,LIFNASIMTDLVRYTRQGLH
Q9P2G1,9,KEIFELMQTDLEMVTEDLAQ
Q9P2G1,15,KEIFELMQTDLEMVTEDLAQ
Q7Z5J8,9,LRLKRIPLTDAQLHEQFKKK
P63010,9,PDVVNCMQTDNLELKKLVYL
Q9Y6B7,9,AKMFPHVQTDVLVRVKGPLL
Q9BZZ5,4,DILTQLLQTDDSAEFNLVNN
Q9BZZ5,9,DILTQLLQTDDSAEFNLVNN
Q9BZZ5,12,DILTQLLQTDDSAEFNLVNN
Q9BQE5,9,RENLLQLLTDDEAWNGFVAA
Q6NXE6,3,AITHHGHHTDVVREACWALR
Q6NXE6,9,AITHHGHHTDVVREACWALR
Q9UBL3,4,KDLTYRPMSDMGWGAVVEHT
Q9UBL3,9,KDLTYRPMSDMGWGAVVEHT
Q9UBL3,20,KDLTYRPMSDMGWGAVVEHT
Q92484,4,HRDSIMVSLDKKGSPVNSLF
Q92484,8,HRDSIMVSLDKKGSPVNSLF
Q92484,14,HRDSIMVSLDKKGSPVNSLF
Q92484,18,HRDSIMVSLDKKGSPVNSLF
Q9UBB4,1,SEWPFLIITDLFLKSPELVQ
Q9UBB4,9,SEWPFLIITDLFLKSPELVQ
Q9UBB4,15,SEWPFLIITDLFLKSPELVQ
P55210,1,TELDDGIQADSGPINDTDAN
P55210,11,TELDDGIQADSGPINDTDAN
P55210,17,TELDDGIQADSGPINDTDAN
P60953,5,LRPLSYPQTDVFLVCFSVVS
P60953,9,LRPLSYPQTDVFLVCFSVVS
P60953,17,LRPLSYPQTDVFLVCFSVVS
P60953,20,LRPLSYPQTDVFLVCFSVVS
